from,to,anchor
/duckdb/02-friendly-sql/,/duckdb/01-first-queries/,
/duckdb/02-friendly-sql/,/java-for-csharp/,
/duckdb/03-nested-data/,/github-actions/journal/,
/duckdb/04-files/,/duckdb/07-performance/,a-remote-parquet-file
/duckdb/06-java/,/duckdb/05-csharp/,
/duckdb/,/github-actions/,
/duckdb/,/duckdb/01-first-queries/,
/duckdb/,/duckdb/02-friendly-sql/,
/duckdb/,/duckdb/03-nested-data/,
/duckdb/,/duckdb/04-files/,
/duckdb/,/duckdb/05-csharp/,
/duckdb/,/duckdb/06-java/,
/duckdb/,/duckdb/07-performance/,
/duckdb/,/duckdb/08-persistence/,
/duckdb/,/duckdb/journal/,
/es/duckdb/02-friendly-sql/,/es/duckdb/01-first-queries/,
/es/duckdb/02-friendly-sql/,/es/java-for-csharp/,
/es/duckdb/03-nested-data/,/es/github-actions/journal/,
/es/duckdb/04-files/,/es/duckdb/07-performance/,un-archivo-parquet-remoto
/es/duckdb/06-java/,/es/duckdb/05-csharp/,
/es/duckdb/,/es/github-actions/,
/es/duckdb/,/es/duckdb/01-first-queries/,
/es/duckdb/,/es/duckdb/02-friendly-sql/,
/es/duckdb/,/es/duckdb/03-nested-data/,
/es/duckdb/,/es/duckdb/04-files/,
/es/duckdb/,/es/duckdb/05-csharp/,
/es/duckdb/,/es/duckdb/06-java/,
/es/duckdb/,/es/duckdb/07-performance/,
/es/duckdb/,/es/duckdb/08-persistence/,
/es/duckdb/,/es/duckdb/journal/,
/es/github-actions/01-first-workflow/,/es/github-actions/05-caches-and-artifacts/,
/es/github-actions/01-first-workflow/,/es/github-actions/07-security/,
/es/github-actions/02-build-and-test/,/es/github-actions/05-caches-and-artifacts/,
/es/github-actions/03-triggers/,/es/github-actions/06-reuse/,
/es/github-actions/03-triggers/,/es/github-actions/01-first-workflow/,
/es/github-actions/03-triggers/,/es/github-actions/journal/,
/es/github-actions/04-expressions-and-outputs/,/es/github-actions/01-first-workflow/,
/es/github-actions/04-expressions-and-outputs/,/es/github-actions/07-security/,
/es/github-actions/05-caches-and-artifacts/,/es/github-actions/01-first-workflow/,
/es/github-actions/05-caches-and-artifacts/,/es/github-actions/02-build-and-test/,
/es/github-actions/06-reuse/,/es/github-actions/05-caches-and-artifacts/,
/es/github-actions/06-reuse/,/es/github-actions/07-security/,
/es/github-actions/06-reuse/,/es/github-actions/01-first-workflow/,
/es/github-actions/07-security/,/es/github-actions/01-first-workflow/,
/es/github-actions/07-security/,/es/github-actions/04-expressions-and-outputs/,
/es/github-actions/07-security/,/es/github-actions/04-expressions-and-outputs/,
/es/github-actions/07-security/,/es/github-actions/05-caches-and-artifacts/,
/es/github-actions/08-pages/,/es/github-actions/06-reuse/,
/es/github-actions/08-pages/,/es/github-actions/07-security/,
/es/github-actions/08-pages/,/es/github-actions/05-caches-and-artifacts/,
/es/github-actions/08-pages/,/es/github-actions/03-triggers/,
/es/github-actions/08-pages/,/method/,
/es/github-actions/09-debugging/,/es/github-actions/04-expressions-and-outputs/,
/es/github-actions/10-custom-action/,/es/github-actions/06-reuse/,
/es/github-actions/10-custom-action/,/es/github-actions/02-build-and-test/,
/es/github-actions/10-custom-action/,/es/github-actions/04-expressions-and-outputs/,
/es/github-actions/10-custom-action/,/es/github-actions/07-security/,
/es/github-actions/,/es/github-actions/01-first-workflow/,
/es/github-actions/,/es/github-actions/02-build-and-test/,
/es/github-actions/,/es/github-actions/03-triggers/,
/es/github-actions/,/es/github-actions/04-expressions-and-outputs/,
/es/github-actions/,/es/github-actions/05-caches-and-artifacts/,
/es/github-actions/,/es/github-actions/06-reuse/,
/es/github-actions/,/es/github-actions/07-security/,
/es/github-actions/,/es/github-actions/08-pages/,
/es/github-actions/,/es/github-actions/09-debugging/,
/es/github-actions/,/es/github-actions/10-custom-action/,
/es/github-actions/,/es/github-actions/journal/,
/es/,/es/rust-for-csharp-java/,
/es/,/es/java-for-csharp/,
/es/,/es/wsl-containers/,
/es/,/es/github-actions/,
/es/,/es/duckdb/,
/es/,/es/streeling/,
/es/,/es/artifacts/,
/es/java-for-csharp/05-exceptions-null-optional/,/es/java-for-csharp/11-testing/,
/es/java-for-csharp/09-concurrency-and-virtual-threads/,/es/java-for-csharp/11-testing/,
/es/java-for-csharp/10-maven-and-gradle-in-depth/,/es/java-for-csharp/journal/,
/es/java-for-csharp/,/es/java-for-csharp/01-jdk-and-build-tools/,
/es/java-for-csharp/,/es/java-for-csharp/02-types-and-operators/,
/es/java-for-csharp/,/es/java-for-csharp/03-classes-records-enums/,
/es/java-for-csharp/,/es/java-for-csharp/04-generics-and-erasure/,
/es/java-for-csharp/,/es/java-for-csharp/05-exceptions-null-optional/,
/es/java-for-csharp/,/es/java-for-csharp/06-lambdas-and-functional-interfaces/,
/es/java-for-csharp/,/es/java-for-csharp/07-collections-and-streams/,
/es/java-for-csharp/,/es/java-for-csharp/08-pattern-matching/,
/es/java-for-csharp/,/es/java-for-csharp/09-concurrency-and-virtual-threads/,
/es/java-for-csharp/,/es/java-for-csharp/10-maven-and-gradle-in-depth/,
/es/java-for-csharp/,/es/java-for-csharp/11-testing/,
/es/java-for-csharp/,/es/java-for-csharp/12-standard-library/,
/es/java-for-csharp/,/es/java-for-csharp/journal/,
/es/rust-for-csharp-java/03-ownership-and-moves/,/es/rust-for-csharp-java/04-borrowing-and-strings/,
/es/rust-for-csharp-java/04-borrowing-and-strings/,/es/rust-for-csharp-java/03-ownership-and-moves/,
/es/rust-for-csharp-java/05-structs-enums-match/,/es/rust-for-csharp-java/07-traits-and-generics/,
/es/rust-for-csharp-java/05-structs-enums-match/,/es/rust-for-csharp-java/06-option-result/,
/es/rust-for-csharp-java/06-option-result/,/es/rust-for-csharp-java/05-structs-enums-match/,
/es/rust-for-csharp-java/09-lifetimes/,/es/rust-for-csharp-java/03-ownership-and-moves/,
/es/rust-for-csharp-java/09-lifetimes/,/es/rust-for-csharp-java/12-threads-and-concurrency/,
/es/rust-for-csharp-java/09-lifetimes/,/es/rust-for-csharp-java/11-smart-pointers/,
/es/rust-for-csharp-java/11-smart-pointers/,/es/rust-for-csharp-java/07-traits-and-generics/,
/es/rust-for-csharp-java/11-smart-pointers/,/es/rust-for-csharp-java/04-borrowing-and-strings/,
/es/rust-for-csharp-java/11-smart-pointers/,/es/rust-for-csharp-java/12-threads-and-concurrency/,
/es/rust-for-csharp-java/12-threads-and-concurrency/,/es/rust-for-csharp-java/09-lifetimes/,
/es/rust-for-csharp-java/12-threads-and-concurrency/,/es/rust-for-csharp-java/11-smart-pointers/,
/es/rust-for-csharp-java/,/es/rust-for-csharp-java/01-toolchain-and-cargo/,
/es/rust-for-csharp-java/,/es/rust-for-csharp-java/02-types-mutability-expressions/,
/es/rust-for-csharp-java/,/es/rust-for-csharp-java/03-ownership-and-moves/,
/es/rust-for-csharp-java/,/es/rust-for-csharp-java/04-borrowing-and-strings/,
/es/rust-for-csharp-java/,/es/rust-for-csharp-java/05-structs-enums-match/,
/es/rust-for-csharp-java/,/es/rust-for-csharp-java/06-option-result/,
/es/rust-for-csharp-java/,/es/rust-for-csharp-java/07-traits-and-generics/,
/es/rust-for-csharp-java/,/es/rust-for-csharp-java/08-collections-and-iterators/,
/es/rust-for-csharp-java/,/es/rust-for-csharp-java/09-lifetimes/,
/es/rust-for-csharp-java/,/es/rust-for-csharp-java/10-modules-crates-workspaces/,
/es/rust-for-csharp-java/,/es/rust-for-csharp-java/11-smart-pointers/,
/es/rust-for-csharp-java/,/es/rust-for-csharp-java/12-threads-and-concurrency/,
/es/rust-for-csharp-java/,/es/rust-for-csharp-java/13-async-and-tokio/,
/es/rust-for-csharp-java/,/es/rust-for-csharp-java/14-tests-docs-tooling/,
/es/rust-for-csharp-java/,/es/rust-for-csharp-java/15-macros-unsafe-ffi/,
/es/rust-for-csharp-java/,/es/rust-for-csharp-java/journal/,
/es/streeling/audio-engineering/aud-001-eq-compression-order/,/es/streeling/journal/,
/es/streeling/audio-engineering/,/es/streeling/audio-engineering/aud-001-eq-compression-order/,
/es/streeling/cognitive-science/cog-001-your-brain-lies-to-you/,/es/streeling/journal/,
/es/streeling/cognitive-science/,/es/streeling/cognitive-science/cog-001-your-brain-lies-to-you/,
/es/streeling/computer-science/cs-001-thinking-algorithmically/,/es/streeling/journal/,
/es/streeling/computer-science/,/es/streeling/computer-science/cs-001-governing-agentic-loops/,
/es/streeling/computer-science/,/es/streeling/computer-science/cs-001-thinking-algorithmically/,
/es/streeling/cybernetics/,/es/streeling/cybernetics/cyb-001-vsm-ai-governance-mapping/,
/es/streeling/cybernetics/,/es/streeling/cybernetics/cyb-002-active-dampening-cross-repo-oscillation/,
/es/streeling/cybernetics/,/es/streeling/cybernetics/cyb-003-measuring-variety-ratio-quantitatively/,
/es/streeling/futurology/fut-001-thinking-about-tomorrow/,/es/streeling/journal/,
/es/streeling/futurology/,/es/streeling/futurology/fut-001-thinking-about-tomorrow/,
/es/streeling/guitar-alchemist-academy/gaa-001-your-first-chord/,/es/streeling/journal/,
/es/streeling/guitar-alchemist-academy/,/es/streeling/guitar-alchemist-academy/gaa-001-your-first-chord/,
/es/streeling/guitar-alchemist-academy/,/es/streeling/guitar-alchemist-academy/gaa-002-training-your-ear/,
/es/streeling/guitar-alchemist-academy/,/es/streeling/guitar-alchemist-academy/gaa-003-improvisation-foundations/,
/es/streeling/guitar-studies/gtr-001-the-fretboard-map/,/es/streeling/journal/,
/es/streeling/guitar-studies/gtr-002-caged-geometry/,/es/streeling/journal/,
/es/streeling/guitar-studies/gtr-002-caged-geometry/,/es/streeling/guitar-studies/gtr-001-the-fretboard-map/,
/es/streeling/guitar-studies/gtr-002-caged-geometry/,/es/streeling/guitar-studies/gtr-001-the-fretboard-map/,
/es/streeling/guitar-studies/,/es/streeling/guitar-studies/gtr-001-the-fretboard-map/,
/es/streeling/guitar-studies/,/es/streeling/guitar-studies/gtr-002-caged-geometry/,
/es/streeling/,/es/streeling/journal/,
/es/streeling/,/es/streeling/audio-engineering/,
/es/streeling/,/es/streeling/cognitive-science/,
/es/streeling/,/es/streeling/computer-science/,
/es/streeling/,/es/streeling/cybernetics/,
/es/streeling/,/es/streeling/data-visualization/,
/es/streeling/,/es/streeling/futurology/,
/es/streeling/,/es/streeling/guitar-acoustics/,
/es/streeling/,/es/streeling/guitar-alchemist-academy/,
/es/streeling/,/es/streeling/guitar-studies/,
/es/streeling/,/es/streeling/information-theory/,
/es/streeling/,/es/streeling/mathematics/,
/es/streeling/,/es/streeling/music/,
/es/streeling/,/es/streeling/musicology/,
/es/streeling/,/es/streeling/network-science/,
/es/streeling/,/es/streeling/philosophy/,
/es/streeling/,/es/streeling/physics/,
/es/streeling/,/es/streeling/product-management/,
/es/streeling/,/es/streeling/psychohistory/,
/es/streeling/,/es/streeling/semiotics/,
/es/streeling/,/es/streeling/visual-computing/,
/es/streeling/,/es/streeling/world-music-languages/,
/es/streeling/information-theory/,/es/streeling/information-theory/inf-001-entropy-of-governance/,
/es/streeling/journal/,/es/streeling/audio-engineering/aud-001-eq-compression-order/,
/es/streeling/journal/,/es/streeling/cognitive-science/cog-001-your-brain-lies-to-you/,
/es/streeling/journal/,/es/streeling/computer-science/cs-001-governing-agentic-loops/,
/es/streeling/journal/,/es/streeling/computer-science/cs-001-thinking-algorithmically/,
/es/streeling/journal/,/es/streeling/cybernetics/cyb-001-vsm-ai-governance-mapping/,
/es/streeling/journal/,/es/streeling/cybernetics/cyb-002-active-dampening-cross-repo-oscillation/,
/es/streeling/journal/,/es/streeling/cybernetics/cyb-003-measuring-variety-ratio-quantitatively/,
/es/streeling/journal/,/es/streeling/futurology/fut-001-thinking-about-tomorrow/,
/es/streeling/journal/,/es/streeling/guitar-alchemist-academy/gaa-001-your-first-chord/,
/es/streeling/journal/,/es/streeling/guitar-alchemist-academy/gaa-002-training-your-ear/,
/es/streeling/journal/,/es/streeling/guitar-alchemist-academy/gaa-003-improvisation-foundations/,
/es/streeling/journal/,/es/streeling/guitar-studies/gtr-001-the-fretboard-map/,
/es/streeling/journal/,/es/streeling/guitar-studies/gtr-002-caged-geometry/,
/es/streeling/journal/,/es/streeling/information-theory/inf-001-entropy-of-governance/,
/es/streeling/journal/,/es/streeling/mathematics/mat-001-proof-strategies/,
/es/streeling/journal/,/es/streeling/music/mus-001-what-is-a-chord/,
/es/streeling/journal/,/es/streeling/music/mus-002-beyond-tonality/,
/es/streeling/journal/,/es/streeling/music/mus-003-functional-harmony/,
/es/streeling/journal/,/es/streeling/music/mus-004-rhythm-and-groove/,
/es/streeling/journal/,/es/streeling/music/mus-005-jazz-harmony/,
/es/streeling/journal/,/es/streeling/music/mus-006-the-scale-universe/,
/es/streeling/journal/,/es/streeling/musicology/mcl-001-how-music-evolves/,
/es/streeling/journal/,/es/streeling/musicology/mcl-002-musical-form/,
/es/streeling/journal/,/es/streeling/network-science/net-001-scale-free-tool-networks/,
/es/streeling/journal/,/es/streeling/philosophy/phi-001-how-to-argue-well/,
/es/streeling/journal/,/es/streeling/physics/phy-001-science-of-guitar-sound/,
/es/streeling/journal/,/es/streeling/product-management/pm-001-shipping-vs-talking/,
/es/streeling/journal/,/es/streeling/psychohistory/psy-001-intro-fractal-compounding/,
/es/streeling/journal/,/es/streeling/psychohistory/psy-002-governance-phase-transitions/,
/es/streeling/journal/,/es/streeling/semiotics/sem-001-signs-in-governance/,
/es/streeling/journal/,/es/streeling/world-music-languages/wml-001-guitar-around-the-world/,
/es/streeling/mathematics/,/es/streeling/mathematics/mat-001-proof-strategies/,
/es/streeling/mathematics/mat-001-proof-strategies/,/es/streeling/journal/,
/es/streeling/music/,/es/streeling/music/mus-001-what-is-a-chord/,
/es/streeling/music/,/es/streeling/music/mus-002-beyond-tonality/,
/es/streeling/music/,/es/streeling/music/mus-003-functional-harmony/,
/es/streeling/music/,/es/streeling/music/mus-004-rhythm-and-groove/,
/es/streeling/music/,/es/streeling/music/mus-005-jazz-harmony/,
/es/streeling/music/,/es/streeling/music/mus-006-the-scale-universe/,
/es/streeling/music/mus-001-what-is-a-chord/,/es/streeling/journal/,
/es/streeling/musicology/,/es/streeling/musicology/mcl-001-how-music-evolves/,
/es/streeling/musicology/,/es/streeling/musicology/mcl-002-musical-form/,
/es/streeling/musicology/mcl-001-how-music-evolves/,/es/streeling/journal/,
/es/streeling/network-science/,/es/streeling/network-science/net-001-scale-free-tool-networks/,
/es/streeling/philosophy/,/es/streeling/philosophy/phi-001-how-to-argue-well/,
/es/streeling/philosophy/phi-001-how-to-argue-well/,/es/streeling/journal/,
/es/streeling/physics/,/es/streeling/physics/phy-001-science-of-guitar-sound/,
/es/streeling/physics/phy-001-science-of-guitar-sound/,/es/streeling/journal/,
/es/streeling/product-management/,/es/streeling/product-management/pm-001-shipping-vs-talking/,
/es/streeling/product-management/pm-001-shipping-vs-talking/,/es/streeling/journal/,
/es/streeling/psychohistory/,/es/streeling/psychohistory/psy-001-intro-fractal-compounding/,
/es/streeling/psychohistory/,/es/streeling/psychohistory/psy-002-governance-phase-transitions/,
/es/streeling/psychohistory/psy-001-intro-fractal-compounding/,/es/streeling/journal/,
/es/streeling/semiotics/,/es/streeling/semiotics/sem-001-signs-in-governance/,
/es/streeling/world-music-languages/,/es/streeling/world-music-languages/wml-001-guitar-around-the-world/,
/es/streeling/world-music-languages/wml-001-guitar-around-the-world/,/es/streeling/journal/,
/es/wsl-containers/02-installation/,/es/wsl-containers/05-wslc-vs-docker/,
/es/wsl-containers/02-installation/,/es/wsl-containers/journal/,
/es/wsl-containers/03-first-containers/,/es/wsl-containers/journal/,
/es/wsl-containers/03-first-containers/,/es/wsl-containers/journal/,
/es/wsl-containers/04-build-an-image/,/es/wsl-containers/journal/,
/es/wsl-containers/04-build-an-image/,/es/wsl-containers/journal/,
/es/wsl-containers/05-wslc-vs-docker/,/es/wsl-containers/journal/,
/es/wsl-containers/05-wslc-vs-docker/,/es/wsl-containers/journal/,
/es/wsl-containers/05-wslc-vs-docker/,/es/wsl-containers/journal/,
/es/wsl-containers/05-wslc-vs-docker/,/es/wsl-containers/journal/,
/es/wsl-containers/05-wslc-vs-docker/,/es/wsl-containers/journal/,
/es/wsl-containers/05-wslc-vs-docker/,/es/wsl-containers/journal/,
/es/wsl-containers/05-wslc-vs-docker/,/es/wsl-containers/journal/,
/es/wsl-containers/,/es/wsl-containers/01-concepts/,
/es/wsl-containers/,/es/wsl-containers/02-installation/,
/es/wsl-containers/,/es/wsl-containers/03-first-containers/,
/es/wsl-containers/,/es/wsl-containers/04-build-an-image/,
/es/wsl-containers/,/es/wsl-containers/05-wslc-vs-docker/,
/es/wsl-containers/,/es/wsl-containers/journal/,
/es/wsl-containers/journal/,/es/wsl-containers/02-installation/,
/fr/duckdb/02-friendly-sql/,/fr/duckdb/01-first-queries/,
/fr/duckdb/02-friendly-sql/,/fr/java-for-csharp/,
/fr/duckdb/03-nested-data/,/fr/github-actions/journal/,
/fr/duckdb/04-files/,/fr/duckdb/07-performance/,un-fichier-parquet-distant
/fr/duckdb/06-java/,/fr/duckdb/05-csharp/,
/fr/duckdb/,/fr/github-actions/,
/fr/duckdb/,/fr/duckdb/01-first-queries/,
/fr/duckdb/,/fr/duckdb/02-friendly-sql/,
/fr/duckdb/,/fr/duckdb/03-nested-data/,
/fr/duckdb/,/fr/duckdb/04-files/,
/fr/duckdb/,/fr/duckdb/05-csharp/,
/fr/duckdb/,/fr/duckdb/06-java/,
/fr/duckdb/,/fr/duckdb/07-performance/,
/fr/duckdb/,/fr/duckdb/08-persistence/,
/fr/duckdb/,/fr/duckdb/journal/,
/fr/github-actions/01-first-workflow/,/fr/github-actions/05-caches-and-artifacts/,
/fr/github-actions/01-first-workflow/,/fr/github-actions/07-security/,
/fr/github-actions/02-build-and-test/,/fr/github-actions/05-caches-and-artifacts/,
/fr/github-actions/03-triggers/,/fr/github-actions/06-reuse/,
/fr/github-actions/03-triggers/,/fr/github-actions/01-first-workflow/,
/fr/github-actions/03-triggers/,/fr/github-actions/journal/,
/fr/github-actions/04-expressions-and-outputs/,/fr/github-actions/01-first-workflow/,
/fr/github-actions/04-expressions-and-outputs/,/fr/github-actions/07-security/,
/fr/github-actions/05-caches-and-artifacts/,/fr/github-actions/01-first-workflow/,
/fr/github-actions/05-caches-and-artifacts/,/fr/github-actions/02-build-and-test/,
/fr/github-actions/06-reuse/,/fr/github-actions/05-caches-and-artifacts/,
/fr/github-actions/06-reuse/,/fr/github-actions/07-security/,
/fr/github-actions/06-reuse/,/fr/github-actions/01-first-workflow/,
/fr/github-actions/07-security/,/fr/github-actions/01-first-workflow/,
/fr/github-actions/07-security/,/fr/github-actions/04-expressions-and-outputs/,
/fr/github-actions/07-security/,/fr/github-actions/04-expressions-and-outputs/,
/fr/github-actions/07-security/,/fr/github-actions/05-caches-and-artifacts/,
/fr/github-actions/08-pages/,/fr/github-actions/06-reuse/,
/fr/github-actions/08-pages/,/fr/github-actions/07-security/,
/fr/github-actions/08-pages/,/fr/github-actions/05-caches-and-artifacts/,
/fr/github-actions/08-pages/,/fr/github-actions/03-triggers/,
/fr/github-actions/08-pages/,/method/,
/fr/github-actions/09-debugging/,/fr/github-actions/04-expressions-and-outputs/,
/fr/github-actions/10-custom-action/,/fr/github-actions/06-reuse/,
/fr/github-actions/10-custom-action/,/fr/github-actions/02-build-and-test/,
/fr/github-actions/10-custom-action/,/fr/github-actions/04-expressions-and-outputs/,
/fr/github-actions/10-custom-action/,/fr/github-actions/07-security/,
/fr/github-actions/,/fr/github-actions/01-first-workflow/,
/fr/github-actions/,/fr/github-actions/02-build-and-test/,
/fr/github-actions/,/fr/github-actions/03-triggers/,
/fr/github-actions/,/fr/github-actions/04-expressions-and-outputs/,
/fr/github-actions/,/fr/github-actions/05-caches-and-artifacts/,
/fr/github-actions/,/fr/github-actions/06-reuse/,
/fr/github-actions/,/fr/github-actions/07-security/,
/fr/github-actions/,/fr/github-actions/08-pages/,
/fr/github-actions/,/fr/github-actions/09-debugging/,
/fr/github-actions/,/fr/github-actions/10-custom-action/,
/fr/github-actions/,/fr/github-actions/journal/,
/fr/,/fr/rust-for-csharp-java/,
/fr/,/fr/java-for-csharp/,
/fr/,/fr/wsl-containers/,
/fr/,/fr/github-actions/,
/fr/,/fr/duckdb/,
/fr/,/fr/streeling/,
/fr/,/fr/artifacts/,
/fr/java-for-csharp/05-exceptions-null-optional/,/fr/java-for-csharp/11-testing/,
/fr/java-for-csharp/09-concurrency-and-virtual-threads/,/fr/java-for-csharp/11-testing/,
/fr/java-for-csharp/10-maven-and-gradle-in-depth/,/fr/java-for-csharp/journal/,
/fr/java-for-csharp/,/fr/java-for-csharp/01-jdk-and-build-tools/,
/fr/java-for-csharp/,/fr/java-for-csharp/02-types-and-operators/,
/fr/java-for-csharp/,/fr/java-for-csharp/03-classes-records-enums/,
/fr/java-for-csharp/,/fr/java-for-csharp/04-generics-and-erasure/,
/fr/java-for-csharp/,/fr/java-for-csharp/05-exceptions-null-optional/,
/fr/java-for-csharp/,/fr/java-for-csharp/06-lambdas-and-functional-interfaces/,
/fr/java-for-csharp/,/fr/java-for-csharp/07-collections-and-streams/,
/fr/java-for-csharp/,/fr/java-for-csharp/08-pattern-matching/,
/fr/java-for-csharp/,/fr/java-for-csharp/09-concurrency-and-virtual-threads/,
/fr/java-for-csharp/,/fr/java-for-csharp/10-maven-and-gradle-in-depth/,
/fr/java-for-csharp/,/fr/java-for-csharp/11-testing/,
/fr/java-for-csharp/,/fr/java-for-csharp/12-standard-library/,
/fr/java-for-csharp/,/fr/java-for-csharp/journal/,
/fr/rust-for-csharp-java/03-ownership-and-moves/,/fr/rust-for-csharp-java/04-borrowing-and-strings/,
/fr/rust-for-csharp-java/04-borrowing-and-strings/,/fr/rust-for-csharp-java/03-ownership-and-moves/,
/fr/rust-for-csharp-java/05-structs-enums-match/,/fr/rust-for-csharp-java/07-traits-and-generics/,
/fr/rust-for-csharp-java/05-structs-enums-match/,/fr/rust-for-csharp-java/06-option-result/,
/fr/rust-for-csharp-java/06-option-result/,/fr/rust-for-csharp-java/05-structs-enums-match/,
/fr/rust-for-csharp-java/09-lifetimes/,/fr/rust-for-csharp-java/03-ownership-and-moves/,
/fr/rust-for-csharp-java/09-lifetimes/,/fr/rust-for-csharp-java/12-threads-and-concurrency/,
/fr/rust-for-csharp-java/09-lifetimes/,/fr/rust-for-csharp-java/11-smart-pointers/,
/fr/rust-for-csharp-java/11-smart-pointers/,/fr/rust-for-csharp-java/07-traits-and-generics/,
/fr/rust-for-csharp-java/11-smart-pointers/,/fr/rust-for-csharp-java/04-borrowing-and-strings/,
/fr/rust-for-csharp-java/11-smart-pointers/,/fr/rust-for-csharp-java/12-threads-and-concurrency/,
/fr/rust-for-csharp-java/12-threads-and-concurrency/,/fr/rust-for-csharp-java/09-lifetimes/,
/fr/rust-for-csharp-java/12-threads-and-concurrency/,/fr/rust-for-csharp-java/11-smart-pointers/,
/fr/rust-for-csharp-java/,/fr/rust-for-csharp-java/01-toolchain-and-cargo/,
/fr/rust-for-csharp-java/,/fr/rust-for-csharp-java/02-types-mutability-expressions/,
/fr/rust-for-csharp-java/,/fr/rust-for-csharp-java/03-ownership-and-moves/,
/fr/rust-for-csharp-java/,/fr/rust-for-csharp-java/04-borrowing-and-strings/,
/fr/rust-for-csharp-java/,/fr/rust-for-csharp-java/05-structs-enums-match/,
/fr/rust-for-csharp-java/,/fr/rust-for-csharp-java/06-option-result/,
/fr/rust-for-csharp-java/,/fr/rust-for-csharp-java/07-traits-and-generics/,
/fr/rust-for-csharp-java/,/fr/rust-for-csharp-java/08-collections-and-iterators/,
/fr/rust-for-csharp-java/,/fr/rust-for-csharp-java/09-lifetimes/,
/fr/rust-for-csharp-java/,/fr/rust-for-csharp-java/10-modules-crates-workspaces/,
/fr/rust-for-csharp-java/,/fr/rust-for-csharp-java/11-smart-pointers/,
/fr/rust-for-csharp-java/,/fr/rust-for-csharp-java/12-threads-and-concurrency/,
/fr/rust-for-csharp-java/,/fr/rust-for-csharp-java/13-async-and-tokio/,
/fr/rust-for-csharp-java/,/fr/rust-for-csharp-java/14-tests-docs-tooling/,
/fr/rust-for-csharp-java/,/fr/rust-for-csharp-java/15-macros-unsafe-ffi/,
/fr/rust-for-csharp-java/,/fr/rust-for-csharp-java/journal/,
/fr/streeling/audio-engineering/aud-001-eq-compression-order/,/fr/streeling/journal/,
/fr/streeling/audio-engineering/,/fr/streeling/audio-engineering/aud-001-eq-compression-order/,
/fr/streeling/cognitive-science/cog-001-your-brain-lies-to-you/,/fr/streeling/journal/,
/fr/streeling/cognitive-science/,/fr/streeling/cognitive-science/cog-001-your-brain-lies-to-you/,
/fr/streeling/computer-science/cs-001-thinking-algorithmically/,/fr/streeling/journal/,
/fr/streeling/computer-science/,/fr/streeling/computer-science/cs-001-governing-agentic-loops/,
/fr/streeling/computer-science/,/fr/streeling/computer-science/cs-001-thinking-algorithmically/,
/fr/streeling/cybernetics/,/fr/streeling/cybernetics/cyb-001-vsm-ai-governance-mapping/,
/fr/streeling/cybernetics/,/fr/streeling/cybernetics/cyb-002-active-dampening-cross-repo-oscillation/,
/fr/streeling/cybernetics/,/fr/streeling/cybernetics/cyb-003-measuring-variety-ratio-quantitatively/,
/fr/streeling/futurology/fut-001-thinking-about-tomorrow/,/fr/streeling/journal/,
/fr/streeling/futurology/,/fr/streeling/futurology/fut-001-thinking-about-tomorrow/,
/fr/streeling/guitar-alchemist-academy/gaa-001-your-first-chord/,/fr/streeling/journal/,
/fr/streeling/guitar-alchemist-academy/,/fr/streeling/guitar-alchemist-academy/gaa-001-your-first-chord/,
/fr/streeling/guitar-alchemist-academy/,/fr/streeling/guitar-alchemist-academy/gaa-002-training-your-ear/,
/fr/streeling/guitar-alchemist-academy/,/fr/streeling/guitar-alchemist-academy/gaa-003-improvisation-foundations/,
/fr/streeling/guitar-studies/gtr-001-the-fretboard-map/,/fr/streeling/journal/,
/fr/streeling/guitar-studies/gtr-002-caged-geometry/,/fr/streeling/journal/,
/fr/streeling/guitar-studies/gtr-002-caged-geometry/,/fr/streeling/guitar-studies/gtr-001-the-fretboard-map/,
/fr/streeling/guitar-studies/gtr-002-caged-geometry/,/fr/streeling/guitar-studies/gtr-001-the-fretboard-map/,
/fr/streeling/guitar-studies/,/fr/streeling/guitar-studies/gtr-001-the-fretboard-map/,
/fr/streeling/guitar-studies/,/fr/streeling/guitar-studies/gtr-002-caged-geometry/,
/fr/streeling/,/fr/streeling/journal/,
/fr/streeling/,/fr/streeling/audio-engineering/,
/fr/streeling/,/fr/streeling/cognitive-science/,
/fr/streeling/,/fr/streeling/computer-science/,
/fr/streeling/,/fr/streeling/cybernetics/,
/fr/streeling/,/fr/streeling/data-visualization/,
/fr/streeling/,/fr/streeling/futurology/,
/fr/streeling/,/fr/streeling/guitar-acoustics/,
/fr/streeling/,/fr/streeling/guitar-alchemist-academy/,
/fr/streeling/,/fr/streeling/guitar-studies/,
/fr/streeling/,/fr/streeling/information-theory/,
/fr/streeling/,/fr/streeling/mathematics/,
/fr/streeling/,/fr/streeling/music/,
/fr/streeling/,/fr/streeling/musicology/,
/fr/streeling/,/fr/streeling/network-science/,
/fr/streeling/,/fr/streeling/philosophy/,
/fr/streeling/,/fr/streeling/physics/,
/fr/streeling/,/fr/streeling/product-management/,
/fr/streeling/,/fr/streeling/psychohistory/,
/fr/streeling/,/fr/streeling/semiotics/,
/fr/streeling/,/fr/streeling/visual-computing/,
/fr/streeling/,/fr/streeling/world-music-languages/,
/fr/streeling/information-theory/,/fr/streeling/information-theory/inf-001-entropy-of-governance/,
/fr/streeling/journal/,/fr/streeling/audio-engineering/aud-001-eq-compression-order/,
/fr/streeling/journal/,/fr/streeling/cognitive-science/cog-001-your-brain-lies-to-you/,
/fr/streeling/journal/,/fr/streeling/computer-science/cs-001-governing-agentic-loops/,
/fr/streeling/journal/,/fr/streeling/computer-science/cs-001-thinking-algorithmically/,
/fr/streeling/journal/,/fr/streeling/cybernetics/cyb-001-vsm-ai-governance-mapping/,
/fr/streeling/journal/,/fr/streeling/cybernetics/cyb-002-active-dampening-cross-repo-oscillation/,
/fr/streeling/journal/,/fr/streeling/cybernetics/cyb-003-measuring-variety-ratio-quantitatively/,
/fr/streeling/journal/,/fr/streeling/futurology/fut-001-thinking-about-tomorrow/,
/fr/streeling/journal/,/fr/streeling/guitar-alchemist-academy/gaa-001-your-first-chord/,
/fr/streeling/journal/,/fr/streeling/guitar-alchemist-academy/gaa-002-training-your-ear/,
/fr/streeling/journal/,/fr/streeling/guitar-alchemist-academy/gaa-003-improvisation-foundations/,
/fr/streeling/journal/,/fr/streeling/guitar-studies/gtr-001-the-fretboard-map/,
/fr/streeling/journal/,/fr/streeling/guitar-studies/gtr-002-caged-geometry/,
/fr/streeling/journal/,/fr/streeling/information-theory/inf-001-entropy-of-governance/,
/fr/streeling/journal/,/fr/streeling/mathematics/mat-001-proof-strategies/,
/fr/streeling/journal/,/fr/streeling/music/mus-001-what-is-a-chord/,
/fr/streeling/journal/,/fr/streeling/music/mus-002-beyond-tonality/,
/fr/streeling/journal/,/fr/streeling/music/mus-003-functional-harmony/,
/fr/streeling/journal/,/fr/streeling/music/mus-004-rhythm-and-groove/,
/fr/streeling/journal/,/fr/streeling/music/mus-005-jazz-harmony/,
/fr/streeling/journal/,/fr/streeling/music/mus-006-the-scale-universe/,
/fr/streeling/journal/,/fr/streeling/musicology/mcl-001-how-music-evolves/,
/fr/streeling/journal/,/fr/streeling/musicology/mcl-002-musical-form/,
/fr/streeling/journal/,/fr/streeling/network-science/net-001-scale-free-tool-networks/,
/fr/streeling/journal/,/fr/streeling/philosophy/phi-001-how-to-argue-well/,
/fr/streeling/journal/,/fr/streeling/physics/phy-001-science-of-guitar-sound/,
/fr/streeling/journal/,/fr/streeling/product-management/pm-001-shipping-vs-talking/,
/fr/streeling/journal/,/fr/streeling/psychohistory/psy-001-intro-fractal-compounding/,
/fr/streeling/journal/,/fr/streeling/psychohistory/psy-002-governance-phase-transitions/,
/fr/streeling/journal/,/fr/streeling/semiotics/sem-001-signs-in-governance/,
/fr/streeling/journal/,/fr/streeling/world-music-languages/wml-001-guitar-around-the-world/,
/fr/streeling/mathematics/,/fr/streeling/mathematics/mat-001-proof-strategies/,
/fr/streeling/mathematics/mat-001-proof-strategies/,/fr/streeling/journal/,
/fr/streeling/music/,/fr/streeling/music/mus-001-what-is-a-chord/,
/fr/streeling/music/,/fr/streeling/music/mus-002-beyond-tonality/,
/fr/streeling/music/,/fr/streeling/music/mus-003-functional-harmony/,
/fr/streeling/music/,/fr/streeling/music/mus-004-rhythm-and-groove/,
/fr/streeling/music/,/fr/streeling/music/mus-005-jazz-harmony/,
/fr/streeling/music/,/fr/streeling/music/mus-006-the-scale-universe/,
/fr/streeling/music/mus-001-what-is-a-chord/,/fr/streeling/journal/,
/fr/streeling/musicology/,/fr/streeling/musicology/mcl-001-how-music-evolves/,
/fr/streeling/musicology/,/fr/streeling/musicology/mcl-002-musical-form/,
/fr/streeling/musicology/mcl-001-how-music-evolves/,/fr/streeling/journal/,
/fr/streeling/network-science/,/fr/streeling/network-science/net-001-scale-free-tool-networks/,
/fr/streeling/philosophy/,/fr/streeling/philosophy/phi-001-how-to-argue-well/,
/fr/streeling/philosophy/phi-001-how-to-argue-well/,/fr/streeling/journal/,
/fr/streeling/physics/,/fr/streeling/physics/phy-001-science-of-guitar-sound/,
/fr/streeling/physics/phy-001-science-of-guitar-sound/,/fr/streeling/journal/,
/fr/streeling/product-management/,/fr/streeling/product-management/pm-001-shipping-vs-talking/,
/fr/streeling/product-management/pm-001-shipping-vs-talking/,/fr/streeling/journal/,
/fr/streeling/psychohistory/,/fr/streeling/psychohistory/psy-001-intro-fractal-compounding/,
/fr/streeling/psychohistory/,/fr/streeling/psychohistory/psy-002-governance-phase-transitions/,
/fr/streeling/psychohistory/psy-001-intro-fractal-compounding/,/fr/streeling/journal/,
/fr/streeling/semiotics/,/fr/streeling/semiotics/sem-001-signs-in-governance/,
/fr/streeling/world-music-languages/,/fr/streeling/world-music-languages/wml-001-guitar-around-the-world/,
/fr/streeling/world-music-languages/wml-001-guitar-around-the-world/,/fr/streeling/journal/,
/fr/wsl-containers/02-installation/,/fr/wsl-containers/05-wslc-vs-docker/,
/fr/wsl-containers/02-installation/,/fr/wsl-containers/journal/,
/fr/wsl-containers/03-first-containers/,/fr/wsl-containers/journal/,
/fr/wsl-containers/03-first-containers/,/fr/wsl-containers/journal/,
/fr/wsl-containers/04-build-an-image/,/fr/wsl-containers/journal/,
/fr/wsl-containers/04-build-an-image/,/fr/wsl-containers/journal/,
/fr/wsl-containers/05-wslc-vs-docker/,/fr/wsl-containers/journal/,
/fr/wsl-containers/05-wslc-vs-docker/,/fr/wsl-containers/journal/,
/fr/wsl-containers/05-wslc-vs-docker/,/fr/wsl-containers/journal/,
/fr/wsl-containers/05-wslc-vs-docker/,/fr/wsl-containers/journal/,
/fr/wsl-containers/05-wslc-vs-docker/,/fr/wsl-containers/journal/,
/fr/wsl-containers/05-wslc-vs-docker/,/fr/wsl-containers/journal/,
/fr/wsl-containers/05-wslc-vs-docker/,/fr/wsl-containers/journal/,
/fr/wsl-containers/,/fr/wsl-containers/01-concepts/,
/fr/wsl-containers/,/fr/wsl-containers/02-installation/,
/fr/wsl-containers/,/fr/wsl-containers/03-first-containers/,
/fr/wsl-containers/,/fr/wsl-containers/04-build-an-image/,
/fr/wsl-containers/,/fr/wsl-containers/05-wslc-vs-docker/,
/fr/wsl-containers/,/fr/wsl-containers/journal/,
/fr/wsl-containers/journal/,/fr/wsl-containers/02-installation/,
/github-actions/01-first-workflow/,/github-actions/05-caches-and-artifacts/,
/github-actions/01-first-workflow/,/github-actions/07-security/,
/github-actions/02-build-and-test/,/github-actions/05-caches-and-artifacts/,
/github-actions/03-triggers/,/github-actions/06-reuse/,
/github-actions/03-triggers/,/github-actions/01-first-workflow/,
/github-actions/03-triggers/,/github-actions/journal/,
/github-actions/04-expressions-and-outputs/,/github-actions/01-first-workflow/,
/github-actions/04-expressions-and-outputs/,/github-actions/07-security/,
/github-actions/05-caches-and-artifacts/,/github-actions/01-first-workflow/,
/github-actions/05-caches-and-artifacts/,/github-actions/02-build-and-test/,
/github-actions/06-reuse/,/github-actions/05-caches-and-artifacts/,
/github-actions/06-reuse/,/github-actions/07-security/,
/github-actions/06-reuse/,/github-actions/01-first-workflow/,
/github-actions/07-security/,/github-actions/01-first-workflow/,
/github-actions/07-security/,/github-actions/04-expressions-and-outputs/,
/github-actions/07-security/,/github-actions/04-expressions-and-outputs/,
/github-actions/07-security/,/github-actions/05-caches-and-artifacts/,
/github-actions/08-pages/,/github-actions/06-reuse/,
/github-actions/08-pages/,/github-actions/07-security/,
/github-actions/08-pages/,/github-actions/05-caches-and-artifacts/,
/github-actions/08-pages/,/github-actions/03-triggers/,
/github-actions/08-pages/,/method/,
/github-actions/09-debugging/,/github-actions/04-expressions-and-outputs/,
/github-actions/10-custom-action/,/github-actions/06-reuse/,
/github-actions/10-custom-action/,/github-actions/02-build-and-test/,
/github-actions/10-custom-action/,/github-actions/04-expressions-and-outputs/,
/github-actions/10-custom-action/,/github-actions/07-security/,
/github-actions/,/github-actions/01-first-workflow/,
/github-actions/,/github-actions/02-build-and-test/,
/github-actions/,/github-actions/03-triggers/,
/github-actions/,/github-actions/04-expressions-and-outputs/,
/github-actions/,/github-actions/05-caches-and-artifacts/,
/github-actions/,/github-actions/06-reuse/,
/github-actions/,/github-actions/07-security/,
/github-actions/,/github-actions/08-pages/,
/github-actions/,/github-actions/09-debugging/,
/github-actions/,/github-actions/10-custom-action/,
/github-actions/,/github-actions/journal/,
/,/rust-for-csharp-java/,
/,/java-for-csharp/,
/,/wsl-containers/,
/,/github-actions/,
/,/duckdb/,
/,/streeling/,
/,/artifacts/,
/java-for-csharp/05-exceptions-null-optional/,/java-for-csharp/11-testing/,
/java-for-csharp/09-concurrency-and-virtual-threads/,/java-for-csharp/11-testing/,
/java-for-csharp/10-maven-and-gradle-in-depth/,/java-for-csharp/journal/,
/java-for-csharp/,/java-for-csharp/01-jdk-and-build-tools/,
/java-for-csharp/,/java-for-csharp/02-types-and-operators/,
/java-for-csharp/,/java-for-csharp/03-classes-records-enums/,
/java-for-csharp/,/java-for-csharp/04-generics-and-erasure/,
/java-for-csharp/,/java-for-csharp/05-exceptions-null-optional/,
/java-for-csharp/,/java-for-csharp/06-lambdas-and-functional-interfaces/,
/java-for-csharp/,/java-for-csharp/07-collections-and-streams/,
/java-for-csharp/,/java-for-csharp/08-pattern-matching/,
/java-for-csharp/,/java-for-csharp/09-concurrency-and-virtual-threads/,
/java-for-csharp/,/java-for-csharp/10-maven-and-gradle-in-depth/,
/java-for-csharp/,/java-for-csharp/11-testing/,
/java-for-csharp/,/java-for-csharp/12-standard-library/,
/java-for-csharp/,/java-for-csharp/journal/,
/rust-for-csharp-java/03-ownership-and-moves/,/rust-for-csharp-java/04-borrowing-and-strings/,
/rust-for-csharp-java/04-borrowing-and-strings/,/rust-for-csharp-java/03-ownership-and-moves/,
/rust-for-csharp-java/05-structs-enums-match/,/rust-for-csharp-java/07-traits-and-generics/,
/rust-for-csharp-java/05-structs-enums-match/,/rust-for-csharp-java/06-option-result/,
/rust-for-csharp-java/06-option-result/,/rust-for-csharp-java/05-structs-enums-match/,
/rust-for-csharp-java/09-lifetimes/,/rust-for-csharp-java/03-ownership-and-moves/,
/rust-for-csharp-java/09-lifetimes/,/rust-for-csharp-java/12-threads-and-concurrency/,
/rust-for-csharp-java/09-lifetimes/,/rust-for-csharp-java/11-smart-pointers/,
/rust-for-csharp-java/11-smart-pointers/,/rust-for-csharp-java/07-traits-and-generics/,
/rust-for-csharp-java/11-smart-pointers/,/rust-for-csharp-java/04-borrowing-and-strings/,
/rust-for-csharp-java/11-smart-pointers/,/rust-for-csharp-java/12-threads-and-concurrency/,
/rust-for-csharp-java/12-threads-and-concurrency/,/rust-for-csharp-java/09-lifetimes/,
/rust-for-csharp-java/12-threads-and-concurrency/,/rust-for-csharp-java/11-smart-pointers/,
/rust-for-csharp-java/,/rust-for-csharp-java/01-toolchain-and-cargo/,
/rust-for-csharp-java/,/rust-for-csharp-java/02-types-mutability-expressions/,
/rust-for-csharp-java/,/rust-for-csharp-java/03-ownership-and-moves/,
/rust-for-csharp-java/,/rust-for-csharp-java/04-borrowing-and-strings/,
/rust-for-csharp-java/,/rust-for-csharp-java/05-structs-enums-match/,
/rust-for-csharp-java/,/rust-for-csharp-java/06-option-result/,
/rust-for-csharp-java/,/rust-for-csharp-java/07-traits-and-generics/,
/rust-for-csharp-java/,/rust-for-csharp-java/08-collections-and-iterators/,
/rust-for-csharp-java/,/rust-for-csharp-java/09-lifetimes/,
/rust-for-csharp-java/,/rust-for-csharp-java/10-modules-crates-workspaces/,
/rust-for-csharp-java/,/rust-for-csharp-java/11-smart-pointers/,
/rust-for-csharp-java/,/rust-for-csharp-java/12-threads-and-concurrency/,
/rust-for-csharp-java/,/rust-for-csharp-java/13-async-and-tokio/,
/rust-for-csharp-java/,/rust-for-csharp-java/14-tests-docs-tooling/,
/rust-for-csharp-java/,/rust-for-csharp-java/15-macros-unsafe-ffi/,
/rust-for-csharp-java/,/rust-for-csharp-java/journal/,
/streeling/audio-engineering/aud-001-eq-compression-order/,/streeling/journal/,
/streeling/audio-engineering/,/streeling/audio-engineering/aud-001-eq-compression-order/,
/streeling/cognitive-science/cog-001-your-brain-lies-to-you/,/streeling/journal/,
/streeling/cognitive-science/,/streeling/cognitive-science/cog-001-your-brain-lies-to-you/,
/streeling/computer-science/cs-001-governing-agentic-loops/,/streeling/journal/,
/streeling/computer-science/cs-001-thinking-algorithmically/,/streeling/journal/,
/streeling/computer-science/,/streeling/computer-science/cs-001-governing-agentic-loops/,
/streeling/computer-science/,/streeling/computer-science/cs-001-thinking-algorithmically/,
/streeling/cybernetics/cyb-001-vsm-ai-governance-mapping/,/streeling/journal/,
/streeling/cybernetics/cyb-002-active-dampening-cross-repo-oscillation/,/streeling/journal/,
/streeling/cybernetics/cyb-003-measuring-variety-ratio-quantitatively/,/streeling/journal/,
/streeling/cybernetics/,/streeling/cybernetics/cyb-001-vsm-ai-governance-mapping/,
/streeling/cybernetics/,/streeling/cybernetics/cyb-002-active-dampening-cross-repo-oscillation/,
/streeling/cybernetics/,/streeling/cybernetics/cyb-003-measuring-variety-ratio-quantitatively/,
/streeling/futurology/fut-001-thinking-about-tomorrow/,/streeling/journal/,
/streeling/futurology/,/streeling/futurology/fut-001-thinking-about-tomorrow/,
/streeling/guitar-alchemist-academy/gaa-001-your-first-chord/,/streeling/journal/,
/streeling/guitar-alchemist-academy/gaa-002-training-your-ear/,/streeling/journal/,
/streeling/guitar-alchemist-academy/gaa-002-training-your-ear/,/streeling/guitar-alchemist-academy/gaa-001-your-first-chord/,
/streeling/guitar-alchemist-academy/gaa-003-improvisation-foundations/,/streeling/journal/,
/streeling/guitar-alchemist-academy/gaa-003-improvisation-foundations/,/streeling/guitar-alchemist-academy/gaa-001-your-first-chord/,
/streeling/guitar-alchemist-academy/gaa-003-improvisation-foundations/,/streeling/guitar-studies/gtr-001-the-fretboard-map/,
/streeling/guitar-alchemist-academy/gaa-003-improvisation-foundations/,/streeling/guitar-studies/gtr-002-caged-geometry/,
/streeling/guitar-alchemist-academy/gaa-003-improvisation-foundations/,/streeling/music/mus-001-what-is-a-chord/,
/streeling/guitar-alchemist-academy/,/streeling/guitar-alchemist-academy/gaa-001-your-first-chord/,
/streeling/guitar-alchemist-academy/,/streeling/guitar-alchemist-academy/gaa-002-training-your-ear/,
/streeling/guitar-alchemist-academy/,/streeling/guitar-alchemist-academy/gaa-003-improvisation-foundations/,
/streeling/guitar-studies/gtr-001-the-fretboard-map/,/streeling/journal/,
/streeling/guitar-studies/gtr-002-caged-geometry/,/streeling/journal/,
/streeling/guitar-studies/gtr-002-caged-geometry/,/streeling/guitar-studies/gtr-001-the-fretboard-map/,
/streeling/guitar-studies/gtr-002-caged-geometry/,/streeling/guitar-studies/gtr-001-the-fretboard-map/,
/streeling/guitar-studies/,/streeling/guitar-studies/gtr-001-the-fretboard-map/,
/streeling/guitar-studies/,/streeling/guitar-studies/gtr-002-caged-geometry/,
/streeling/,/streeling/journal/,
/streeling/,/streeling/audio-engineering/,
/streeling/,/streeling/cognitive-science/,
/streeling/,/streeling/computer-science/,
/streeling/,/streeling/cybernetics/,
/streeling/,/streeling/data-visualization/,
/streeling/,/streeling/futurology/,
/streeling/,/streeling/guitar-acoustics/,
/streeling/,/streeling/guitar-alchemist-academy/,
/streeling/,/streeling/guitar-studies/,
/streeling/,/streeling/information-theory/,
/streeling/,/streeling/mathematics/,
/streeling/,/streeling/music/,
/streeling/,/streeling/musicology/,
/streeling/,/streeling/network-science/,
/streeling/,/streeling/philosophy/,
/streeling/,/streeling/physics/,
/streeling/,/streeling/product-management/,
/streeling/,/streeling/psychohistory/,
/streeling/,/streeling/semiotics/,
/streeling/,/streeling/visual-computing/,
/streeling/,/streeling/world-music-languages/,
/streeling/information-theory/,/streeling/information-theory/inf-001-entropy-of-governance/,
/streeling/information-theory/inf-001-entropy-of-governance/,/streeling/journal/,
/streeling/journal/,/streeling/audio-engineering/aud-001-eq-compression-order/,
/streeling/journal/,/streeling/cognitive-science/cog-001-your-brain-lies-to-you/,
/streeling/journal/,/streeling/computer-science/cs-001-governing-agentic-loops/,
/streeling/journal/,/streeling/computer-science/cs-001-thinking-algorithmically/,
/streeling/journal/,/streeling/cybernetics/cyb-001-vsm-ai-governance-mapping/,
/streeling/journal/,/streeling/cybernetics/cyb-002-active-dampening-cross-repo-oscillation/,
/streeling/journal/,/streeling/cybernetics/cyb-003-measuring-variety-ratio-quantitatively/,
/streeling/journal/,/streeling/futurology/fut-001-thinking-about-tomorrow/,
/streeling/journal/,/streeling/guitar-alchemist-academy/gaa-001-your-first-chord/,
/streeling/journal/,/streeling/guitar-alchemist-academy/gaa-002-training-your-ear/,
/streeling/journal/,/streeling/guitar-alchemist-academy/gaa-003-improvisation-foundations/,
/streeling/journal/,/streeling/guitar-studies/gtr-001-the-fretboard-map/,
/streeling/journal/,/streeling/guitar-studies/gtr-002-caged-geometry/,
/streeling/journal/,/streeling/information-theory/inf-001-entropy-of-governance/,
/streeling/journal/,/streeling/mathematics/mat-001-proof-strategies/,
/streeling/journal/,/streeling/music/mus-001-what-is-a-chord/,
/streeling/journal/,/streeling/music/mus-002-beyond-tonality/,
/streeling/journal/,/streeling/music/mus-003-functional-harmony/,
/streeling/journal/,/streeling/music/mus-004-rhythm-and-groove/,
/streeling/journal/,/streeling/music/mus-005-jazz-harmony/,
/streeling/journal/,/streeling/music/mus-006-the-scale-universe/,
/streeling/journal/,/streeling/musicology/mcl-001-how-music-evolves/,
/streeling/journal/,/streeling/musicology/mcl-002-musical-form/,
/streeling/journal/,/streeling/network-science/net-001-scale-free-tool-networks/,
/streeling/journal/,/streeling/philosophy/phi-001-how-to-argue-well/,
/streeling/journal/,/streeling/physics/phy-001-science-of-guitar-sound/,
/streeling/journal/,/streeling/product-management/pm-001-shipping-vs-talking/,
/streeling/journal/,/streeling/psychohistory/psy-001-intro-fractal-compounding/,
/streeling/journal/,/streeling/psychohistory/psy-002-governance-phase-transitions/,
/streeling/journal/,/streeling/semiotics/sem-001-signs-in-governance/,
/streeling/journal/,/streeling/world-music-languages/wml-001-guitar-around-the-world/,
/streeling/mathematics/,/streeling/mathematics/mat-001-proof-strategies/,
/streeling/mathematics/mat-001-proof-strategies/,/streeling/journal/,
/streeling/music/,/streeling/music/mus-001-what-is-a-chord/,
/streeling/music/,/streeling/music/mus-002-beyond-tonality/,
/streeling/music/,/streeling/music/mus-003-functional-harmony/,
/streeling/music/,/streeling/music/mus-004-rhythm-and-groove/,
/streeling/music/,/streeling/music/mus-005-jazz-harmony/,
/streeling/music/,/streeling/music/mus-006-the-scale-universe/,
/streeling/music/mus-001-what-is-a-chord/,/streeling/journal/,
/streeling/music/mus-002-beyond-tonality/,/streeling/journal/,
/streeling/music/mus-002-beyond-tonality/,/streeling/music/mus-001-what-is-a-chord/,
/streeling/music/mus-003-functional-harmony/,/streeling/journal/,
/streeling/music/mus-003-functional-harmony/,/streeling/music/mus-001-what-is-a-chord/,
/streeling/music/mus-004-rhythm-and-groove/,/streeling/journal/,
/streeling/music/mus-004-rhythm-and-groove/,/streeling/music/mus-001-what-is-a-chord/,
/streeling/music/mus-004-rhythm-and-groove/,/streeling/guitar-studies/gtr-001-the-fretboard-map/,
/streeling/music/mus-005-jazz-harmony/,/streeling/journal/,
/streeling/music/mus-005-jazz-harmony/,/streeling/music/mus-001-what-is-a-chord/,
/streeling/music/mus-005-jazz-harmony/,/streeling/music/mus-003-functional-harmony/,
/streeling/music/mus-005-jazz-harmony/,/streeling/guitar-studies/gtr-002-caged-geometry/,
/streeling/music/mus-006-the-scale-universe/,/streeling/journal/,
/streeling/music/mus-006-the-scale-universe/,/streeling/music/mus-001-what-is-a-chord/,
/streeling/musicology/,/streeling/musicology/mcl-001-how-music-evolves/,
/streeling/musicology/,/streeling/musicology/mcl-002-musical-form/,
/streeling/musicology/mcl-001-how-music-evolves/,/streeling/journal/,
/streeling/musicology/mcl-002-musical-form/,/streeling/journal/,
/streeling/musicology/mcl-002-musical-form/,/streeling/musicology/mcl-001-how-music-evolves/,
/streeling/network-science/,/streeling/network-science/net-001-scale-free-tool-networks/,
/streeling/network-science/net-001-scale-free-tool-networks/,/streeling/journal/,
/streeling/philosophy/,/streeling/philosophy/phi-001-how-to-argue-well/,
/streeling/philosophy/phi-001-how-to-argue-well/,/streeling/journal/,
/streeling/physics/,/streeling/physics/phy-001-science-of-guitar-sound/,
/streeling/physics/phy-001-science-of-guitar-sound/,/streeling/journal/,
/streeling/product-management/,/streeling/product-management/pm-001-shipping-vs-talking/,
/streeling/product-management/pm-001-shipping-vs-talking/,/streeling/journal/,
/streeling/psychohistory/,/streeling/psychohistory/psy-001-intro-fractal-compounding/,
/streeling/psychohistory/,/streeling/psychohistory/psy-002-governance-phase-transitions/,
/streeling/psychohistory/psy-001-intro-fractal-compounding/,/streeling/journal/,
/streeling/psychohistory/psy-002-governance-phase-transitions/,/streeling/journal/,
/streeling/psychohistory/psy-002-governance-phase-transitions/,/streeling/psychohistory/psy-001-intro-fractal-compounding/,
/streeling/psychohistory/psy-002-governance-phase-transitions/,/streeling/psychohistory/psy-001-intro-fractal-compounding/,
/streeling/psychohistory/psy-002-governance-phase-transitions/,/streeling/cybernetics/cyb-003-measuring-variety-ratio-quantitatively/,
/streeling/psychohistory/psy-002-governance-phase-transitions/,/streeling/cybernetics/cyb-001-vsm-ai-governance-mapping/,
/streeling/semiotics/,/streeling/semiotics/sem-001-signs-in-governance/,
/streeling/semiotics/sem-001-signs-in-governance/,/streeling/journal/,
/streeling/world-music-languages/,/streeling/world-music-languages/wml-001-guitar-around-the-world/,
/streeling/world-music-languages/wml-001-guitar-around-the-world/,/streeling/journal/,
/wsl-containers/02-installation/,/wsl-containers/05-wslc-vs-docker/,
/wsl-containers/02-installation/,/wsl-containers/journal/,
/wsl-containers/03-first-containers/,/wsl-containers/journal/,
/wsl-containers/03-first-containers/,/wsl-containers/journal/,
/wsl-containers/04-build-an-image/,/wsl-containers/journal/,
/wsl-containers/04-build-an-image/,/wsl-containers/journal/,
/wsl-containers/05-wslc-vs-docker/,/wsl-containers/journal/,
/wsl-containers/05-wslc-vs-docker/,/wsl-containers/journal/,
/wsl-containers/05-wslc-vs-docker/,/wsl-containers/journal/,
/wsl-containers/05-wslc-vs-docker/,/wsl-containers/journal/,
/wsl-containers/05-wslc-vs-docker/,/wsl-containers/journal/,
/wsl-containers/05-wslc-vs-docker/,/wsl-containers/journal/,
/wsl-containers/05-wslc-vs-docker/,/wsl-containers/journal/,
/wsl-containers/,/wsl-containers/01-concepts/,
/wsl-containers/,/wsl-containers/02-installation/,
/wsl-containers/,/wsl-containers/03-first-containers/,
/wsl-containers/,/wsl-containers/04-build-an-image/,
/wsl-containers/,/wsl-containers/05-wslc-vs-docker/,
/wsl-containers/,/wsl-containers/journal/,
/wsl-containers/journal/,/wsl-containers/02-installation/,
