child,parent
f43ba7e0052da1059f6cb144334c0436ea752a0e,eda2608592fdde5151881793763104d7295f9c6a
a79c0bcd42878d581d8b3853217b61eea0d8cc9f,f43ba7e0052da1059f6cb144334c0436ea752a0e
f834dcf298206efddfa70d4f5478f733a4547277,a79c0bcd42878d581d8b3853217b61eea0d8cc9f
4715f83eb53acdd9970f2797e185db21c3f4f443,f834dcf298206efddfa70d4f5478f733a4547277
4d29ba02e785e2ae04c76719d12ac766854170b9,4715f83eb53acdd9970f2797e185db21c3f4f443
1adf60f7ec6fd0025fbfce79bd8f2744e623b131,4d29ba02e785e2ae04c76719d12ac766854170b9
afe6ef4c7468ad72378a98f6d4c7a1865394a35d,1adf60f7ec6fd0025fbfce79bd8f2744e623b131
bd9249eb94bf1520b35864a7e5abf1f4ce70909f,afe6ef4c7468ad72378a98f6d4c7a1865394a35d
9d3344b2a8ad99f4aa7d5ce368eae5cc1d168f89,bd9249eb94bf1520b35864a7e5abf1f4ce70909f
f84a44ed4ad19d03e88d35be547160f29efb4222,9d3344b2a8ad99f4aa7d5ce368eae5cc1d168f89
00f2ca4afc711e4e01e4345bbe8a7ec8120befcc,f84a44ed4ad19d03e88d35be547160f29efb4222
95a42daa36c4353c0b5282461469a891edf30e7e,00f2ca4afc711e4e01e4345bbe8a7ec8120befcc
6145ed718b8f70b2878eb56e09a8f2c0253aea77,95a42daa36c4353c0b5282461469a891edf30e7e
d20097c5fd8a3146d4b3cfd319fee6d07ec246bd,6145ed718b8f70b2878eb56e09a8f2c0253aea77
6739492ecf2813f5240fb83c22e34a757104235d,d20097c5fd8a3146d4b3cfd319fee6d07ec246bd
9f5d4c83df72c10a53aeef4fbceba0ba222bfc17,6739492ecf2813f5240fb83c22e34a757104235d
6275f6acfdb89c1da290ea944bedc62314c14031,9f5d4c83df72c10a53aeef4fbceba0ba222bfc17
8ef03ec7e75dda635da5278add210f064cd4852b,6275f6acfdb89c1da290ea944bedc62314c14031
04c8770830c5666ca1e9bb8a4711065edfb351b4,8ef03ec7e75dda635da5278add210f064cd4852b
e1b62afa6f868fb34dcae9ef2937ed0a2b16adb9,04c8770830c5666ca1e9bb8a4711065edfb351b4
60bf8abf843d6a96dfd3946d244fe2394bc47034,e1b62afa6f868fb34dcae9ef2937ed0a2b16adb9
1faa32e9fcf083290121d9f5b9890bbece1789e2,60bf8abf843d6a96dfd3946d244fe2394bc47034
9849105de797fa506e5f8e70cbc4057f99f540fb,1faa32e9fcf083290121d9f5b9890bbece1789e2
d513d2031ec27e251d625e259204dee1088ea3f6,9849105de797fa506e5f8e70cbc4057f99f540fb
43f5b5a62006d62c4af9a69727e9abcf4eb422fe,d513d2031ec27e251d625e259204dee1088ea3f6
9dcd1e45d641ae284937271611ba3b8343db8c57,43f5b5a62006d62c4af9a69727e9abcf4eb422fe
529c946221e47ad17d4ef822df4e0ab02990cdb6,9dcd1e45d641ae284937271611ba3b8343db8c57
91f485da01dd456318d12acfb6883b9d62b77a29,529c946221e47ad17d4ef822df4e0ab02990cdb6
75a12588fbb616e30bd31ae2e869b7b5bb7c1117,91f485da01dd456318d12acfb6883b9d62b77a29
f6e56bbd6edef614e83b2d5890fa2034f06fdd9f,75a12588fbb616e30bd31ae2e869b7b5bb7c1117
d32b1862af814e0fe541030a76646e2efa1bf6ef,f6e56bbd6edef614e83b2d5890fa2034f06fdd9f
92ba31197e81ecf663d1247b2b8663d3e4a32d51,d32b1862af814e0fe541030a76646e2efa1bf6ef
65a7a99200ebeddf86473ac9dc643ea7b8f5f890,92ba31197e81ecf663d1247b2b8663d3e4a32d51
fcce50ddb55dcbfa9b68db2a0224a6a39e54b841,65a7a99200ebeddf86473ac9dc643ea7b8f5f890
f317023251e2728ef3afd5e0a8707f84f6b6b2eb,fcce50ddb55dcbfa9b68db2a0224a6a39e54b841
4c9e67352444548acd2d2cde6ac67bfef9cecc91,f317023251e2728ef3afd5e0a8707f84f6b6b2eb
50895d6e8d7fefce88cf2c23b1601140b9e9265c,4c9e67352444548acd2d2cde6ac67bfef9cecc91
6ff1e0767feb94038cf67ef113ec3adc179c4703,50895d6e8d7fefce88cf2c23b1601140b9e9265c
2a633e541a482c912fd112ad3e300816868619a1,6ff1e0767feb94038cf67ef113ec3adc179c4703
e1a32e91b646f4d024603ee430fcce51cf357590,2a633e541a482c912fd112ad3e300816868619a1
77944806ab29f6d0ecc644ed5f960abbfd730e7c,e1a32e91b646f4d024603ee430fcce51cf357590
61e7e4235b7bc138f2f35cd7f61195bdaed4b019,77944806ab29f6d0ecc644ed5f960abbfd730e7c
cb69dca950b667b876d8d32cfe778a24b6320c59,61e7e4235b7bc138f2f35cd7f61195bdaed4b019
1de721b7d0cd5bc9731a975887a5a2759a8f9524,cb69dca950b667b876d8d32cfe778a24b6320c59
5c9896f0883700d954cfad813c65e8d881de3bf4,1de721b7d0cd5bc9731a975887a5a2759a8f9524
eb61451cb769e0b3aaa647d1893b5499b0832198,5c9896f0883700d954cfad813c65e8d881de3bf4
8f2fc289601b6d0732d4f4fbb33cf5f46e59232f,eb61451cb769e0b3aaa647d1893b5499b0832198
af2def46fc034d561d6df51742feefe6dce35e09,8f2fc289601b6d0732d4f4fbb33cf5f46e59232f
5fc4ff3a066a122fbb5d0940db7c6967620c1a09,af2def46fc034d561d6df51742feefe6dce35e09
3b04c850e32be52b370df987e38e62d439cb6fac,5fc4ff3a066a122fbb5d0940db7c6967620c1a09
8b3195f1ddef17adbe587b7e0cee1634d9db1352,3b04c850e32be52b370df987e38e62d439cb6fac
f1c20b8c6263d65bfe8a3ae6be2196cc116ea56b,8b3195f1ddef17adbe587b7e0cee1634d9db1352
93a0ea8e272c22ca37fd48cf3959b194f7d56e50,f1c20b8c6263d65bfe8a3ae6be2196cc116ea56b
a7a6f729702b8a1a4ed15adcb709863a3eb63db6,93a0ea8e272c22ca37fd48cf3959b194f7d56e50
fd52d46d1d2940e5dee33790e4a2873056f074f3,a7a6f729702b8a1a4ed15adcb709863a3eb63db6
3147e6456dab2be02bb05c6d9fe196ce9451cf1b,fd52d46d1d2940e5dee33790e4a2873056f074f3
e5254f64492c9bb1db78bd9363d4cdfeece299bc,3147e6456dab2be02bb05c6d9fe196ce9451cf1b
b96934a0b7700cf8bd7c2ae1a7f2cad7f29fdee6,e5254f64492c9bb1db78bd9363d4cdfeece299bc
35c2e3e14e76f1aaab00d1763690fa78742038e3,b96934a0b7700cf8bd7c2ae1a7f2cad7f29fdee6
85a8c04c1338b5bd442c241e1f00b6f4159edbec,35c2e3e14e76f1aaab00d1763690fa78742038e3
b0803c9c8b251b30e38fab3800df440fe5b72b69,85a8c04c1338b5bd442c241e1f00b6f4159edbec
bcfc3fc57c5809a7c9951bdd4e342df6c4bdf58f,b0803c9c8b251b30e38fab3800df440fe5b72b69
849fb189afc95f8927cf1a9c701902fa02b0619d,bcfc3fc57c5809a7c9951bdd4e342df6c4bdf58f
95a3830ebbcfa3f0addbc1eba8335a20cc2c41f2,849fb189afc95f8927cf1a9c701902fa02b0619d
3f3b219aa0447abd1abd93396545f59e2ac50771,95a3830ebbcfa3f0addbc1eba8335a20cc2c41f2
742c96769b9c55339dec3faf5306913946239cce,3f3b219aa0447abd1abd93396545f59e2ac50771
36207da02a3b3c9ede0a94e6d485d5f0fe3decaf,742c96769b9c55339dec3faf5306913946239cce
3e9530fadef33bdb24d0ffcef343f5cb9ea93925,36207da02a3b3c9ede0a94e6d485d5f0fe3decaf
a96fd2738832cd307590797f89cfd98d8736e339,3e9530fadef33bdb24d0ffcef343f5cb9ea93925
5a26d1a93eee1db01f38305eeeb2b01ec742d127,a96fd2738832cd307590797f89cfd98d8736e339
bdf2692b5bd125f61bb301d06fafd7fb9aba7eba,5a26d1a93eee1db01f38305eeeb2b01ec742d127
86e34d90401997c226f53306839ed627b10f1e68,bdf2692b5bd125f61bb301d06fafd7fb9aba7eba
cbcbb4241e3988706b23331087f5694e63a44191,86e34d90401997c226f53306839ed627b10f1e68
