created_at,sha,pages,build_seconds
2026-09-13T15:53:16Z,eda2608,18,10
2026-09-13T16:05:01Z,f43ba7e,110,12
2026-09-13T16:20:06Z,a79c0bc,122,14
2026-09-13T16:21:09Z,f834dcf,122,14
2026-09-13T16:34:30Z,4715f83,122,14
2026-09-13T16:45:55Z,4d29ba0,130,13
2026-09-13T16:50:10Z,1adf60f,130,13
2026-09-13T16:56:11Z,afe6ef4,130,14
2026-09-13T17:01:48Z,bd9249e,130,15
2026-09-13T17:03:53Z,9d3344b,130,15
2026-09-13T17:10:03Z,f84a44e,130,15
2026-09-13T17:13:25Z,95a42da,138,14
2026-09-13T17:18:12Z,6145ed7,138,14
2026-09-13T17:25:37Z,d20097c,138,21
2026-09-13T17:40:34Z,6739492,138,18
2026-09-13T17:41:57Z,9f5d4c8,138,15
2026-09-13T17:42:49Z,6275f6a,138,18
2026-09-13T17:51:54Z,8ef03ec,138,13
2026-09-13T17:52:33Z,04c8770,138,19
2026-09-13T18:02:09Z,e1b62af,138,19
2026-09-13T18:02:37Z,60bf8ab,138,14
2026-09-13T18:03:51Z,1faa32e,140,18
2026-09-13T18:09:01Z,9849105,146,21
2026-09-13T18:19:32Z,d513d20,146,14
2026-09-13T18:35:10Z,43f5b5a,146,17
2026-09-13T18:54:26Z,9dcd1e4,146,16
2026-09-13T19:09:08Z,529c946,152,17
2026-09-13T19:12:56Z,91f485d,152,15
2026-09-13T19:13:31Z,75a1258,152,14
2026-09-13T19:17:36Z,f6e56bb,158,14
2026-09-14T01:37:01Z,d32b186,241,25
2026-09-14T01:56:12Z,92ba311,244,17
2026-09-14T02:16:59Z,65a7a99,244,16
2026-09-14T02:23:27Z,fcce50d,247,18
2026-09-14T02:24:14Z,f317023,247,18
2026-09-14T02:30:21Z,4c9e673,247,25
2026-09-14T02:50:28Z,50895d6,247,22
2026-09-14T03:06:41Z,6ff1e07,250,19
2026-09-14T03:23:29Z,2a633e5,250,21
2026-09-14T03:45:46Z,e1a32e9,250,17
2026-09-14T03:47:08Z,7794480,253,20
2026-09-14T12:45:25Z,61e7e42,253,20
2026-09-14T12:45:39Z,cb69dca,253,18
2026-09-14T12:46:38Z,1de721b,253,22
2026-09-14T12:50:41Z,5c9896f,253,17
2026-09-14T12:54:55Z,eb61451,253,17
2026-09-14T13:05:14Z,8f2fc28,253,20
2026-09-14T13:12:19Z,af2def4,253,23
2026-09-14T13:14:45Z,5fc4ff3,271,22
2026-09-14T13:18:15Z,3b04c85,271,24
2026-09-14T13:24:04Z,8b3195f,271,19
2026-09-14T13:27:42Z,f1c20b8,274,24
2026-09-14T13:29:20Z,93a0ea8,274,23
2026-09-14T13:31:23Z,a7a6f72,274,21
2026-09-14T13:32:04Z,fd52d46,277,24
2026-09-14T13:36:16Z,bd17932,271,24
2026-09-14T13:40:02Z,3147e64,277,23
2026-09-14T13:40:36Z,e5254f6,280,25
2026-09-14T13:44:04Z,b96934a,283,18
2026-09-14T13:46:35Z,35c2e3e,283,20
2026-09-14T13:48:48Z,85a8c04,283,19
2026-09-14T13:53:04Z,b0803c9,283,29
2026-09-14T13:54:06Z,bcfc3fc,283,26
2026-09-14T13:55:25Z,849fb18,286,21
2026-09-14T14:01:09Z,95a3830,289,48
