job_id,workflow,job,os,queue_s,setup_s,checkout_s,post_checkout_s,complete_s
103749457156,Deploy to GitHub Pages,build,ubuntu,4,4,1,0,1
103751006171,Deploy to GitHub Pages,build,ubuntu,3,4,0,0,0
103753035013,Rust course examples,rust-for-csharp-java,ubuntu,3,0,1,0,0
103753035138,Deploy to GitHub Pages,build,ubuntu,2,2,1,0,0
103753181064,Rust course examples,rust-for-csharp-java,ubuntu,3,1,1,0,0
103753181143,Deploy to GitHub Pages,build,ubuntu,3,3,1,0,0
103754989710,Deploy to GitHub Pages,build,ubuntu,3,3,1,0,0
103756538384,Deploy to GitHub Pages,build,ubuntu,3,2,1,0,0
103756538632,Rust course examples,rust-for-csharp-java,ubuntu,2,1,0,1,0
103757099933,Deploy to GitHub Pages,build,ubuntu,3,2,1,0,0
103757899436,Deploy to GitHub Pages,build,ubuntu,3,4,1,0,0
103758660673,Deploy to GitHub Pages,build,ubuntu,4,3,0,0,0
103758957934,Deploy to GitHub Pages,build,ubuntu,2,3,1,1,0
103759809485,Deploy to GitHub Pages,build,ubuntu,3,2,1,0,0
103760280845,Deploy to GitHub Pages,build,ubuntu,2,1,1,0,0
103760280866,Rust course examples,rust-for-csharp-java,ubuntu,3,1,1,0,0
103760943518,Deploy to GitHub Pages,build,ubuntu,3,3,1,1,0
103761966608,Deploy to GitHub Pages,build,ubuntu,3,3,1,0,0
103763999563,Deploy to GitHub Pages,build,ubuntu,3,3,1,0,0
103764000420,Rust course examples,rust-for-csharp-java (macos-latest),macos,8,1,2,0,0
103764000565,Rust course examples,rust-for-csharp-java (windows-latest),windows,5,2,11,2,0
103764000582,Rust course examples,rust-for-csharp-java (ubuntu-latest),ubuntu,3,1,1,1,0
103764184720,WSL containers examples,lesson-04 (csharp-api),ubuntu,3,1,1,0,0
103764184729,Rust course examples,rust-for-csharp-java (macos-latest),macos,7,1,2,1,0
103764184785,Rust course examples,rust-for-csharp-java (ubuntu-latest),ubuntu,2,1,0,0,0
103764184787,Rust course examples,rust-for-csharp-java (windows-latest),windows,3,1,5,3,0
103764184844,WSL containers examples,lesson-04 (java-reactor-api),ubuntu,3,0,1,1,0
103764185038,Deploy to GitHub Pages,build,ubuntu,3,4,1,0,0
103764302700,Deploy to GitHub Pages,build,ubuntu,4,3,1,1,0
103764302730,Rust course examples,rust-for-csharp-java (macos-latest),macos,7,1,2,0,1
103764302844,Rust course examples,rust-for-csharp-java (windows-latest),windows,3,1,7,3,0
103764302980,Rust course examples,rust-for-csharp-java (ubuntu-latest),ubuntu,4,1,1,0,0
103765546788,Deploy to GitHub Pages,build,ubuntu,2,2,1,0,0
103765631502,Deploy to GitHub Pages,build,ubuntu,3,3,1,0,0
103766927291,Deploy to GitHub Pages,build,ubuntu,3,3,1,0,0
103766996758,Deploy to GitHub Pages,build,ubuntu,3,4,1,1,0
103767170111,Deploy to GitHub Pages,build,ubuntu,3,3,1,0,0
103767897009,Deploy to GitHub Pages,build,ubuntu,3,3,1,0,0
103769373376,Deploy to GitHub Pages,build,ubuntu,3,2,1,0,0
103771609841,Deploy to GitHub Pages,build,ubuntu,3,3,1,1,0
103774257301,Deploy to GitHub Pages,build,ubuntu,2,4,2,1,0
103776298717,Rust course examples,rust-for-csharp-java (ubuntu-latest),ubuntu,5,1,1,1,0
103776298804,Rust course examples,rust-for-csharp-java (windows-latest),windows,3,1,5,2,0
103776298839,Java course examples,java-for-csharp (windows-latest),windows,3,3,9,2,0
103776298884,Rust course examples,rust-for-csharp-java (macos-latest),macos,9,2,3,1,2
103776298994,Java course examples,java-for-csharp (ubuntu-latest),ubuntu,2,1,1,1,0
103776298995,Java course examples,java-for-csharp (macos-latest),macos,10,3,3,1,1
103776299340,Deploy to GitHub Pages,build,ubuntu,3,3,1,0,0
103776840106,Deploy to GitHub Pages,build,ubuntu,3,4,1,0,0
103776840160,Rust course examples,rust-for-csharp-java (macos-latest),macos,10,1,3,0,1
103776840297,WSL containers examples,lesson-05-api,windows,3,0,5,3,0
103776840303,Rust course examples,rust-for-csharp-java (ubuntu-latest),ubuntu,5,1,1,1,0
103776840331,Rust course examples,rust-for-csharp-java (windows-latest),windows,3,1,5,2,1
103776840416,WSL containers examples,lesson-04 (java-reactor-api),ubuntu,3,0,1,0,0
103776840417,WSL containers examples,lesson-04 (csharp-api),ubuntu,4,0,1,0,0
103776920024,Rust course examples,rust-for-csharp-java (macos-latest),macos,8,2,2,0,1
103776920133,Deploy to GitHub Pages,build,ubuntu,3,2,1,0,0
103776920158,Rust course examples,rust-for-csharp-java (windows-latest),windows,3,2,8,3,0
103776920217,Rust course examples,rust-for-csharp-java (ubuntu-latest),ubuntu,3,1,2,0,0
103777494302,Deploy to GitHub Pages,build,ubuntu,3,2,1,0,0
103830512219,Deploy to GitHub Pages,build,ubuntu,7,2,1,1,0
103830512225,Rust course examples,rust-for-csharp-java (macos-latest),macos,8,2,2,0,0
103830512302,Java course examples,java-for-csharp (macos-latest),macos,10,1,3,1,1
103830512314,Rust course examples,rust-for-csharp-java (windows-latest),windows,3,1,5,2,0
103830512362,Rust course examples,rust-for-csharp-java (ubuntu-latest),ubuntu,3,1,2,0,0
103830512392,Java course examples,java-for-csharp (ubuntu-latest),ubuntu,4,3,2,0,0
103830512426,Java course examples,java-for-csharp (windows-latest),windows,4,2,5,2,0
103833377346,Rust course examples,rust-for-csharp-java (macos-latest),macos,7,2,1,0,1
103833377461,Rust course examples,rust-for-csharp-java (ubuntu-latest),ubuntu,3,1,1,0,0
103833377485,Java course examples,java-for-csharp (windows-latest),windows,3,1,6,2,0
103833377490,Deploy to GitHub Pages,build,ubuntu,3,2,1,0,0
103833377505,Rust course examples,rust-for-csharp-java (windows-latest),windows,3,1,5,2,0
103833377556,Java course examples,java-for-csharp (macos-latest),macos,5,3,1,1,0
103833377563,Java course examples,java-for-csharp (ubuntu-latest),ubuntu,3,2,1,1,0
103836755249,Rust course examples,rust-for-csharp-java (ubuntu-latest),ubuntu,3,1,0,1,0
103836755301,Deploy to GitHub Pages,build,ubuntu,3,3,2,0,0
103836755387,Rust course examples,rust-for-csharp-java (windows-latest),windows,3,1,5,3,0
103836755392,Rust course examples,rust-for-csharp-java (macos-latest),macos,8,2,2,1,1
103836755862,Java course examples,java-for-csharp (ubuntu-latest),ubuntu,3,2,1,1,0
103836755965,Java course examples,java-for-csharp (macos-latest),macos,7,3,1,1,2
103836756001,Java course examples,java-for-csharp (windows-latest),windows,3,2,6,2,0
103837799177,Deploy to GitHub Pages,build,ubuntu,3,1,1,1,0
103837925510,Deploy to GitHub Pages,build,ubuntu,3,2,0,0,0
103838917693,Rust course examples,rust-for-csharp-java (windows-latest),windows,4,2,6,3,0
103838917790,Rust course examples,rust-for-csharp-java (ubuntu-latest),ubuntu,3,1,2,0,0
103838917831,Rust course examples,rust-for-csharp-java (macos-latest),macos,9,1,2,1,0
103838918136,Deploy to GitHub Pages,build,ubuntu,4,3,2,0,0
103838918184,Java course examples,java-for-csharp (macos-latest),macos,6,2,2,0,0
103838918314,Java course examples,java-for-csharp (windows-latest),windows,3,2,5,1,1
103838918334,Java course examples,java-for-csharp (ubuntu-latest),ubuntu,3,2,1,0,0
103842191893,Deploy to GitHub Pages,build,ubuntu,3,2,1,0,0
103842192135,Rust course examples,rust-for-csharp-java (macos-latest),macos,11,2,3,1,2
103842192176,Java course examples,java-for-csharp (macos-latest),macos,9,2,2,1,1
103842192233,Rust course examples,rust-for-csharp-java (windows-latest),windows,3,2,5,2,0
103842192310,Java course examples,java-for-csharp (windows-latest),windows,2,1,7,2,1
103842192341,Rust course examples,rust-for-csharp-java (ubuntu-latest),ubuntu,3,1,1,0,0
103842192372,Java course examples,java-for-csharp (ubuntu-latest),ubuntu,3,3,1,0,0
103844766178,Deploy to GitHub Pages,build,ubuntu,2,2,1,1,0
103847665220,Java course examples,java-for-csharp (macos-latest),macos,10,3,2,1,3
103847665312,Rust course examples,rust-for-csharp-java (ubuntu-latest),ubuntu,3,0,1,0,0
103847665432,Rust course examples,rust-for-csharp-java (windows-latest),windows,2,0,6,2,0
103847665440,Java course examples,java-for-csharp (windows-latest),windows,2,2,6,2,0
103847665469,Java course examples,java-for-csharp (ubuntu-latest),ubuntu,3,2,2,1,0
103847665475,Rust course examples,rust-for-csharp-java (macos-latest),macos,10,2,3,1,1
103847665512,Deploy to GitHub Pages,build,ubuntu,3,4,1,0,0
103851265025,Deploy to GitHub Pages,build,ubuntu,3,3,1,0,0
103851485440,Deploy to GitHub Pages,build,ubuntu,3,3,2,0,0
103979246656,GHA 02: build and test,java (ubuntu-latest),ubuntu,3,1,1,0,0
103979246951,GHA 02: build and test,dotnet (ubuntu-latest),ubuntu,9,2,1,0,0
103979247016,GHA 02: build and test,java (windows-latest),windows,3,2,9,3,0
103979247047,GHA 02: build and test,dotnet (windows-latest),windows,3,2,6,2,0
103979247068,Deploy to GitHub Pages,build,ubuntu,4,4,1,0,0
103979247082,GHA 02: build and test,dotnet (macos-latest),macos,6,2,1,0,0
103979247090,GHA 02: build and test,java (macos-latest),macos,8,2,3,1,0
103979247585,Rust course examples,rust-for-csharp-java (macos-latest),macos,9,1,2,1,1
103979247883,Rust course examples,rust-for-csharp-java (windows-latest),windows,4,1,5,3,0
103979247975,Rust course examples,rust-for-csharp-java (ubuntu-latest),ubuntu,5,1,1,1,0
103979318039,Deploy to GitHub Pages,build,ubuntu,3,2,1,0,0
103979627059,Deploy to GitHub Pages,build,ubuntu,3,4,1,0,0
103980856432,GHA 02: build and test,java (macos-latest),macos,5,2,2,1,0
103980856707,GHA 02: build and test,dotnet (ubuntu-latest),ubuntu,3,2,1,1,0
103980856743,GHA 02: build and test,java (windows-latest),windows,3,2,5,2,0
103980856762,GHA 02: build and test,java (ubuntu-latest),ubuntu,3,1,1,0,0
103980856778,GHA 02: build and test,dotnet (macos-latest),macos,5,1,2,1,0
103980856930,GHA 02: build and test,dotnet (windows-latest),windows,3,1,5,3,0
103980859153,Deploy to GitHub Pages,build,ubuntu,4,4,2,0,0
103982169340,Deploy to GitHub Pages,build,ubuntu,3,3,1,0,0
103982222416,GHA 02: exercise checks,"java (ubuntu-latest, 22)",ubuntu,4,1,1,1,0
103985484217,Deploy to GitHub Pages,build,ubuntu,4,4,1,0,0
103987856697,Rust course examples,rust-for-csharp-java (windows-latest),windows,5,0,6,3,0
103987856746,Deploy to GitHub Pages,build,ubuntu,5,3,1,0,0
103987856764,GHA 02: build and test,dotnet (ubuntu-latest),ubuntu,5,1,1,1,0
103987856837,Rust course examples,rust-for-csharp-java (macos-latest),macos,11,1,3,1,0
103987856908,GHA 02: build and test,java (ubuntu-latest),ubuntu,4,1,1,0,0
103987856965,GHA 02: build and test,java (windows-latest),windows,5,2,5,3,0
103987856969,Rust course examples,rust-for-csharp-java (ubuntu-latest),ubuntu,6,1,2,1,0
103987856999,GHA 05: caches and artifacts,pack,ubuntu,4,1,1,0,0
103987857020,GHA 05: caches and artifacts,test (windows-latest),windows,6,1,6,3,0
103987857064,GHA 05: caches and artifacts,test (ubuntu-latest),ubuntu,4,1,1,1,0
103987857071,GHA 02: build and test,dotnet (windows-latest),windows,4,1,5,3,0
103987857107,GHA 02: build and test,java (macos-latest),macos,12,2,2,1,0
103987857133,GHA 02: build and test,dotnet (macos-latest),macos,12,1,3,0,0
103987857182,GHA 05: caches and artifacts,test (macos-latest),macos,10,1,2,1,1
103987906417,GHA 05: exercise checks,no-lock-file,ubuntu,4,2,1,0,0
103988690925,Deploy to GitHub Pages,build,ubuntu,3,5,1,1,0
103989147694,GHA 05: caches and artifacts,pack,ubuntu,3,2,5,0,0
103989148000,GHA 05: caches and artifacts,test (ubuntu-latest),ubuntu,4,1,1,0,0
103989148116,GHA 05: caches and artifacts,test (macos-latest),macos,6,2,2,1,0
103989148145,GHA 05: caches and artifacts,test (windows-latest),windows,6,1,7,2,1
103989161149,GHA 05: exercise checks,no-lock-file,ubuntu,2,1,1,0,0
103989897193,Deploy to GitHub Pages,build,ubuntu,4,3,1,0,0
103989929606,GHA 05: exercise checks,no-lock-file,ubuntu,3,1,1,0,0
103991904861,GHA 06: reuse,test (ubuntu-latest) / test,ubuntu,3,0,1,1,0
103991905324,GHA 06: reuse,test (windows-latest) / test,windows,3,1,5,3,0
103991905472,Deploy to GitHub Pages,build,ubuntu,4,4,2,0,0
103991955121,GHA 06: exercise checks,no-shell,ubuntu,3,1,1,0,0
103993151221,Deploy to GitHub Pages,build,ubuntu,3,3,1,0,1
103993708910,GHA 07: security,pinned,ubuntu,3,1,1,0,0
103993709228,Deploy to GitHub Pages,build,ubuntu,4,3,1,0,0
103993760209,GHA 07: exercise checks,job-permissions,ubuntu,3,0,1,0,0
103993770977,GHA 07: security,pinned,ubuntu,3,1,1,0,0
103993849802,GHA 07: security,pinned,ubuntu,3,1,1,0,0
103994420998,GHA 07: security,pinned,ubuntu,3,0,2,0,0
103994421964,Deploy to GitHub Pages,build,ubuntu,3,2,1,1,0
103994735569,Deploy to GitHub Pages,build,ubuntu,3,3,0,0,0
103996139794,Deploy to GitHub Pages,build,ubuntu,3,3,1,0,0
103997440142,Deploy to GitHub Pages,build,ubuntu,3,4,1,1,0
103997759920,Deploy to GitHub Pages,build,ubuntu,4,2,1,0,0
103998867240,Deploy to GitHub Pages,build,ubuntu,3,2,0,1,0
103999776847,Deploy to GitHub Pages,build,ubuntu,4,7,2,0,1
104000556763,Deploy to GitHub Pages,build,ubuntu,3,4,2,0,0
104002066968,GHA 10: custom actions,container,ubuntu,4,1,1,0,0
104002066970,Deploy to GitHub Pages,build,ubuntu,3,3,2,0,0
104002067146,GHA 10: custom actions,javascript (macos-latest),macos,11,1,3,1,0
104002067308,GHA 10: custom actions,javascript (ubuntu-latest),ubuntu,3,1,3,1,0
104002067344,GHA 10: custom actions,javascript (windows-latest),windows,3,0,6,2,0
104002121727,GHA 10: exercise checks,container-on-windows,windows,3,1,6,2,0
104002122094,GHA 10: exercise checks,inputs,ubuntu,3,0,1,1,0
104002122271,GHA 10: exercise checks,commonjs,ubuntu,3,1,1,0,0
104002434534,GHA 10: custom actions,container,ubuntu,5,0,1,0,0
104002434701,GHA 10: custom actions,javascript (ubuntu-latest),ubuntu,4,1,1,0,0
104002434771,GHA 10: custom actions,javascript (windows-latest),windows,4,0,6,3,0
104002434803,GHA 10: custom actions,javascript (macos-latest),macos,9,1,1,1,0
104002434907,Deploy to GitHub Pages,build,ubuntu,4,4,1,0,0
104002893758,Deploy to GitHub Pages,build,ubuntu,3,3,3,1,0
104004920113,Deploy to GitHub Pages,build,ubuntu,4,4,2,1,0
