steps,first_step,last_step
1102000,2026-09-13 15:53:20,2028-01-26 14:03:35

┌─────────────────────────────┐
│┌───────────────────────────┐│
││       Physical Plan       ││
│└───────────────────────────┘│
└─────────────────────────────┘
┌───────────────────────────┐
│       HASH_GROUP_BY       │
│    ────────────────────   │
│         Groups: #0        │
│                           │
│        Aggregates:        │
│        count_star()       │
│                           │
│         ~199 rows         │
└─────────────┬─────────────┘
┌─────────────┴─────────────┐
│         PROJECTION        │
│    ────────────────────   │
│         conclusion        │
│                           │
│         ~315 rows         │
└─────────────┬─────────────┘
┌─────────────┴─────────────┐
│       READ_JSON_AUTO      │
│    ────────────────────   │
│         Function:         │
│       READ_JSON_AUTO      │
│                           │
│        Projections:       │
│         conclusion        │
│                           │
│         ~315 rows         │
└───────────────────────────┘

┌─────────────────────────────┐
│┌───────────────────────────┐│
││       Physical Plan       ││
│└───────────────────────────┘│
└─────────────────────────────┘
┌───────────────────────────┐
│       HASH_GROUP_BY       │
│    ────────────────────   │
│         Groups: #0        │
│    Aggregates: avg(#1)    │
│                           │
│       ~199,758 rows       │
└─────────────┬─────────────┘
┌─────────────┴─────────────┐
│         PROJECTION        │
│    ────────────────────   │
│            name           │
│(completed_at - started_at)│
│                           │
│       ~220,400 rows       │
└─────────────┬─────────────┘
┌─────────────┴─────────────┐
│        PARQUET_SCAN       │
│    ────────────────────   │
│         Function:         │
│        PARQUET_SCAN       │
│                           │
│        Projections:       │
│         started_at        │
│            name           │
│        completed_at       │
│                           │
│          Filters:         │
│ started_at<'2026-09-20 00 │
│     :00:00'::TIMESTAMP    │
│                           │
│       ~220,400 rows       │
└───────────────────────────┘
file,row_groups,rows,row_groups_to_read
out/steps-sorted.parquet,9,1102000,1
out/steps.parquet,9,1102000,9
steps,name_chars
13895,281111
steps,name_chars
13895,281111

┌─────────────────────────────┐
│┌───────────────────────────┐│
││       Physical Plan       ││
│└───────────────────────────┘│
└─────────────────────────────┘
┌───────────────────────────┐
│    UNGROUPED_AGGREGATE    │
│    ────────────────────   │
│        Aggregates:        │
│        count_star()       │
└─────────────┬─────────────┘
┌─────────────┴─────────────┐
│        READ_PARQUET       │
│    ────────────────────   │
│         Function:         │
│        READ_PARQUET       │
│                           │
│       File Filters:       │
│  (os = 'windows-latest')  │
│                           │
│    Scanning Files: 1/3    │
│                           │
│          ~34 rows         │
└───────────────────────────┘
